UnsafeThread-2, 32, 0.0069, 0.1116, 0.1118,
UnsafeThread-2, 64, 0.0063, 0.1327, 0.1328,
UnsafeThread-2, 96, 0.0066, 0.1471, 0.1473,
UnsafeThread-2, 128, 0.0066, 0.1441, 0.1443,
UnsafeThread-2, 160, 0.0069, 0.1256, 0.1258,
UnsafeThread-2, 192, 0.0066, 0.2306, 0.2308,
UnsafeThread-2, 224, 0.0069, 0.1100, 0.1102,
UnsafeThread-2, 256, 0.0078, 0.1131, 0.1134,
UnsafeThread-2, 288, 0.0071, 0.1920, 0.1923,
UnsafeThread-2, 320, 0.0076, 0.1975, 0.1978,
UnsafeThread-2, 352, 0.0069, 0.3074, 0.3076,
UnsafeThread-2, 384, 0.0075, 0.1182, 0.1185,
UnsafeThread-2, 416, 0.0071, 0.1211, 0.1213,
UnsafeThread-2, 448, 0.0068, 0.2359, 0.2361,
UnsafeThread-2, 480, 0.0083, 0.2986, 0.2988,
UnsafeThread-2, 512, 0.0069, 0.2991, 0.2993,
UnsafeThread-2, 544, 0.0063, 0.1528, 0.1531,
UnsafeThread-2, 576, 0.0067, 0.1919, 0.1921,
UnsafeThread-2, 608, 0.0074, 0.1289, 0.1292,
UnsafeThread-2, 640, 0.0074, 0.1323, 0.1325,
UnsafeThread-2, 672, 0.0067, 0.1658, 0.1660,
UnsafeThread-2, 704, 0.0075, 0.2723, 0.2725,
UnsafeThread-2, 736, 0.0066, 0.2404, 0.2406,
UnsafeThread-2, 768, 0.0066, 0.2362, 0.2364,
UnsafeThread-2, 800, 0.0065, 0.2458, 0.2459,
UnsafeThread-2, 832, 0.0073, 0.1374, 0.1376,
UnsafeThread-2, 864, 0.0071, 0.2455, 0.2457,
UnsafeThread-2, 896, 0.0068, 0.1746, 0.1749,
UnsafeThread-2, 928, 0.0074, 0.2878, 0.2881,
UnsafeThread-2, 960, 0.0069, 0.2574, 0.2576,
UnsafeThread-2, 992, 0.0079, 0.1457, 0.1459,
UnsafeThread-2, 1024, 0.0073, 0.1435, 0.1437,
UnsafeThread-2, 1056, 0.0068, 0.1445, 0.1447,
UnsafeThread-2, 1088, 0.0072, 0.1904, 0.1907,
UnsafeThread-2, 1120, 0.0066, 0.1929, 0.1931,
UnsafeThread-2, 1152, 0.0066, 0.2808, 0.2810,
UnsafeThread-2, 1184, 0.0067, 0.3242, 0.3245,
UnsafeThread-2, 1216, 0.0061, 0.2410, 0.2412,
UnsafeThread-2, 1248, 0.0071, 0.3862, 0.3864,
UnsafeThread-2, 1280, 0.0062, 0.3007, 0.3009,
UnsafeThread-2, 1312, 0.0069, 0.2128, 0.2131,
UnsafeThread-2, 1344, 0.0065, 0.2124, 0.2126,
UnsafeThread-2, 1376, 0.0069, 0.2168, 0.2171,
UnsafeThread-2, 1408, 0.0070, 0.1214, 0.1217,
UnsafeThread-2, 1440, 0.0074, 0.3712, 0.3714,
UnsafeThread-2, 1472, 0.0068, 0.2292, 0.2294,
UnsafeThread-2, 1504, 0.0064, 0.2815, 0.2818,
UnsafeThread-2, 1536, 0.0071, 0.1220, 0.1222,
UnsafeThread-2, 1568, 0.0064, 0.2351, 0.2353,
UnsafeThread-2, 1600, 0.0074, 0.3508, 0.3510,
UnsafeThread-2, 1632, 0.0062, 0.3565, 0.3567,
UnsafeThread-2, 1664, 0.0071, 0.1848, 0.1850,
UnsafeThread-2, 1696, 0.0080, 0.3666, 0.3669,
UnsafeThread-2, 1728, 0.0066, 0.2513, 0.2515,
UnsafeThread-2, 1760, 0.0068, 0.3135, 0.3137,
UnsafeThread-2, 1792, 0.0069, 0.3847, 0.3850,
UnsafeThread-2, 1824, 0.0067, 0.1957, 0.1960,
UnsafeThread-2, 1856, 0.0078, 0.2663, 0.2666,
UnsafeThread-2, 1888, 0.0073, 0.2036, 0.2038,
UnsafeThread-2, 1920, 0.0075, 0.1305, 0.1307,
UnsafeThread-2, 1952, 0.0075, 0.3399, 0.3402,
UnsafeThread-2, 1984, 0.0065, 0.1341, 0.1343,
UnsafeThread-2, 2016, 0.0066, 0.3449, 0.3451,
UnsafeThread-2, 2048, 0.0072, 0.2064, 0.2067,
UnsafeThread-2, 2080, 0.0074, 0.1378, 0.1380,
UnsafeThread-2, 2112, 0.0076, 0.2078, 0.2080,
UnsafeThread-2, 2144, 0.0071, 0.2818, 0.2821,
UnsafeThread-2, 2176, 0.0070, 0.1402, 0.1405,
UnsafeThread-2, 2208, 0.0062, 0.3685, 0.3687,
UnsafeThread-2, 2240, 0.0072, 0.2933, 0.2935,
UnsafeThread-2, 2272, 0.0080, 0.4505, 0.4507,
UnsafeThread-2, 2304, 0.0071, 0.4555, 0.4558,
UnsafeThread-2, 2336, 0.0076, 0.3832, 0.3835,
UnsafeThread-2, 2368, 0.0069, 0.1485, 0.1488,
UnsafeThread-2, 2400, 0.0071, 0.3114, 0.3115,
UnsafeThread-2, 2432, 0.0071, 0.3092, 0.3095,
UnsafeThread-2, 2464, 0.0073, 0.1505, 0.1508,
UnsafeThread-2, 2496, 0.0075, 0.3994, 0.3996,
UnsafeThread-2, 2528, 0.0070, 0.2379, 0.2382,
UnsafeThread-2, 2560, 0.0069, 0.5745, 0.5747,
UnsafeThread-2, 2592, 0.0072, 0.4128, 0.4130,
UnsafeThread-2, 2624, 0.0075, 0.5740, 0.5741,
UnsafeThread-2, 2656, 0.0075, 0.4919, 0.4920,
UnsafeThread-2, 2688, 0.0073, 0.4867, 0.4869,
UnsafeThread-2, 2720, 0.0067, 0.1532, 0.1534,
UnsafeThread-2, 2752, 0.0079, 0.3232, 0.3234,
UnsafeThread-2, 2784, 0.0076, 0.4160, 0.4163,
UnsafeThread-2, 2816, 0.0073, 0.3287, 0.3289,
UnsafeThread-2, 2848, 0.0075, 0.6900, 0.6903,
UnsafeThread-2, 2880, 0.0075, 0.7982, 0.7983,
UnsafeThread-2, 2912, 0.0071, 0.1539, 0.1542,
UnsafeThread-2, 2944, 0.0077, 0.5340, 0.5343,
UnsafeThread-2, 2976, 0.0073, 0.2582, 0.2584,
UnsafeThread-2, 3008, 0.0071, 0.3547, 0.3549,
UnsafeThread-2, 3040, 0.0081, 0.5559, 0.5561,
UnsafeThread-2, 3072, 0.0066, 0.8517, 0.8519,
UnsafeThread-2, 3104, 0.0070, 0.2613, 0.2615,
UnsafeThread-2, 3136, 0.0075, 0.3655, 0.3657,
UnsafeThread-2, 3168, 0.0081, 0.5717, 0.5719,
UnsafeThread-2, 3200, 0.0068, 0.3759, 0.3761,
UnsafeThread-2, 3232, 0.0072, 0.6843, 0.6845,
UnsafeThread-2, 3264, 0.0080, 0.4816, 0.4818,
UnsafeThread-2, 3296, 0.0076, 0.2803, 0.2806,
UnsafeThread-2, 3328, 0.0066, 0.4969, 0.4971,
UnsafeThread-2, 3360, 0.0075, 0.7047, 0.7049,
UnsafeThread-2, 3392, 0.0069, 0.6863, 0.6865,
UnsafeThread-2, 3424, 0.0068, 0.6779, 0.6781,
UnsafeThread-2, 3456, 0.0066, 0.1630, 0.1633,
UnsafeThread-2, 3488, 0.0077, 0.3680, 0.3682,
UnsafeThread-2, 3520, 0.0073, 0.0634, 0.0636,
UnsafeThread-2, 3552, 0.0076, 0.3659, 0.3661,
UnsafeThread-2, 3584, 0.0087, 0.2612, 0.2615,
UnsafeThread-2, 3616, 0.0073, 0.6592, 0.6594,
UnsafeThread-2, 3648, 0.0082, 0.5492, 0.5494,
UnsafeThread-2, 3680, 0.0070, 0.2590, 0.2592,
UnsafeThread-2, 3712, 0.0076, 0.5434, 0.5436,
UnsafeThread-2, 3744, 0.0069, 0.3460, 0.3463,
UnsafeThread-2, 3776, 0.0071, 0.0680, 0.0683,
UnsafeThread-2, 3808, 0.0066, 0.5307, 0.5309,
UnsafeThread-2, 3840, 0.0072, 0.3480, 0.3482,
UnsafeThread-2, 3872, 0.0073, 0.6261, 0.6263,
UnsafeThread-2, 3904, 0.0076, 0.2457, 0.2459,
UnsafeThread-2, 3936, 0.0070, 0.2454, 0.2457,
UnsafeThread-2, 3968, 0.0075, 0.2484, 0.2486,
UnsafeThread-2, 4000, 0.0068, 0.4231, 0.4233,
UnsafeThread-2, 4032, 0.0078, 0.5096, 0.5098,
UnsafeThread-2, 4064, 0.0072, 0.4184, 0.4187,
UnsafeThread-2, 4096, 0.0071, 0.0697, 0.0699,
UnsafeThread-2, 4128, 0.0070, 0.5014, 0.5017,
UnsafeThread-2, 4160, 0.0078, 0.4943, 0.4946,
UnsafeThread-2, 4192, 0.0074, 0.3243, 0.3246,
UnsafeThread-2, 4224, 0.0081, 0.4076, 0.4078,
UnsafeThread-2, 4256, 0.0082, 0.2405, 0.2407,
UnsafeThread-2, 4288, 0.0073, 0.0634, 0.0636,
UnsafeThread-2, 4320, 0.0078, 0.4013, 0.4015,
UnsafeThread-2, 4352, 0.0070, 0.5706, 0.5708,
UnsafeThread-2, 4384, 0.0071, 0.4878, 0.4880,
UnsafeThread-2, 4416, 0.0073, 0.6474, 0.6477,
UnsafeThread-2, 4448, 0.0069, 0.2296, 0.2299,
UnsafeThread-2, 4480, 0.0075, 0.4760, 0.4763,
UnsafeThread-2, 4512, 0.0071, 0.5533, 0.5535,
UnsafeThread-2, 4544, 0.0071, 0.4706, 0.4708,
UnsafeThread-2, 4576, 0.0071, 0.1477, 0.1480,
UnsafeThread-2, 4608, 0.0072, 0.2306, 0.2309,
UnsafeThread-2, 4640, 0.0072, 0.3035, 0.3037,
UnsafeThread-2, 4672, 0.0072, 0.2251, 0.2253,
UnsafeThread-2, 4704, 0.0076, 0.3015, 0.3018,
UnsafeThread-2, 4736, 0.0078, 0.3841, 0.3843,
UnsafeThread-2, 4768, 0.0073, 0.5416, 0.5418,
UnsafeThread-2, 4800, 0.0079, 0.1469, 0.1472,
UnsafeThread-2, 4832, 0.0067, 0.3061, 0.3064,
UnsafeThread-2, 4864, 0.0071, 0.3066, 0.3069,
UnsafeThread-2, 4896, 0.0080, 0.5547, 0.5549,
UnsafeThread-2, 4928, 0.0075, 0.7919, 0.7921,
UnsafeThread-2, 4960, 0.0072, 0.3850, 0.3853,
UnsafeThread-2, 4992, 0.0076, 0.3035, 0.3037,
UnsafeThread-2, 5024, 0.0072, 0.2286, 0.2287,
UnsafeThread-2, 5056, 0.0071, 0.3105, 0.3107,
UnsafeThread-2, 5088, 0.0069, 0.2285, 0.2287,
UnsafeThread-2, 5120, 0.0080, 0.3968, 0.3971,
UnsafeThread-2, 5152, 0.0074, 0.3962, 0.3964,
UnsafeThread-2, 5184, 0.0067, 0.6399, 0.6402,
UnsafeThread-2, 5216, 0.0068, 0.4720, 0.4723,
UnsafeThread-2, 5248, 0.0071, 0.5516, 0.5519,
UnsafeThread-2, 5280, 0.0071, 0.7887, 0.7890,
UnsafeThread-2, 5312, 0.0073, 0.3829, 0.3832,
UnsafeThread-2, 5344, 0.0069, 0.1427, 0.1430,
UnsafeThread-2, 5376, 0.0069, 0.3084, 0.3085,
UnsafeThread-2, 5408, 0.0070, 0.4726, 0.4728,
UnsafeThread-2, 5440, 0.0076, 0.2287, 0.2290,
UnsafeThread-2, 5472, 0.0065, 0.3965, 0.3968,
UnsafeThread-2, 5504, 0.0070, 0.4648, 0.4651,
UnsafeThread-2, 5536, 0.0075, 0.4691, 0.4693,
UnsafeThread-2, 5568, 0.0070, 0.6307, 0.6309,
UnsafeThread-2, 5600, 0.0071, 0.5535, 0.5538,
UnsafeThread-2, 5632, 0.0072, 0.7110, 0.7112,
UnsafeThread-2, 5664, 0.0075, 0.0653, 0.0655,
UnsafeThread-2, 5696, 0.0077, 0.3093, 0.3096,
UnsafeThread-2, 5728, 0.0070, 0.4741, 0.4743,
UnsafeThread-2, 5760, 0.0063, 0.5506, 0.5508,
UnsafeThread-2, 5792, 0.0071, 0.3098, 0.3101,
UnsafeThread-2, 5824, 0.0079, 0.6408, 0.6411,
UnsafeThread-2, 5856, 0.0070, 0.3166, 0.3168,
UnsafeThread-2, 5888, 0.0076, 0.3184, 0.3187,
UnsafeThread-2, 5920, 0.0074, 0.5612, 0.5614,
UnsafeThread-2, 5952, 0.0079, 0.3980, 0.3982,
UnsafeThread-2, 5984, 0.0068, 0.3942, 0.3944,
UnsafeThread-2, 6016, 0.0070, 0.4804, 0.4806,
UnsafeThread-2, 6048, 0.0070, 0.3123, 0.3125,
UnsafeThread-2, 6080, 0.0080, 0.3150, 0.3153,
UnsafeThread-2, 6112, 0.0070, 0.1516, 0.1518,
UnsafeThread-2, 6144, 0.0069, 0.8118, 0.8120,
UnsafeThread-2, 6176, 0.0074, 0.4816, 0.4819,
UnsafeThread-2, 6208, 0.0081, 0.3203, 0.3205,
UnsafeThread-2, 6240, 0.0068, 0.3943, 0.3946,
UnsafeThread-2, 6272, 0.0073, 0.1516, 0.1519,
UnsafeThread-2, 6304, 0.0068, 0.3178, 0.3180,
UnsafeThread-2, 6336, 0.0079, 0.3209, 0.3211,
UnsafeThread-2, 6368, 0.0075, 0.4857, 0.4859,
UnsafeThread-2, 6400, 0.0070, 0.4053, 0.4056,
UnsafeThread-2, 6432, 0.0069, 0.4844, 0.4847,
UnsafeThread-2, 6464, 0.0076, 0.5701, 0.5703,
UnsafeThread-2, 6496, 0.0071, 0.1493, 0.1496,
UnsafeThread-2, 6528, 0.0070, 0.5678, 0.5681,
UnsafeThread-2, 6560, 0.0073, 0.3154, 0.3157,
UnsafeThread-2, 6592, 0.0070, 0.3944, 0.3947,
UnsafeThread-2, 6624, 0.0074, 0.2364, 0.2366,
UnsafeThread-2, 6656, 0.0073, 0.4810, 0.4812,
UnsafeThread-2, 6688, 0.0067, 0.1522, 0.1524,
UnsafeThread-2, 6720, 0.0065, 0.4848, 0.4851,
UnsafeThread-2, 6752, 0.0070, 0.7349, 0.7351,
UnsafeThread-2, 6784, 0.0073, 0.4072, 0.4075,
UnsafeThread-2, 6816, 0.0073, 0.7420, 0.7423,
UnsafeThread-2, 6848, 0.0078, 0.1486, 0.1489,
UnsafeThread-2, 6880, 0.0070, 0.5688, 0.5691,
UnsafeThread-2, 6912, 0.0074, 0.4857, 0.4860,
UnsafeThread-2, 6944, 0.0071, 0.6443, 0.6445,
UnsafeThread-2, 6976, 0.0074, 0.3172, 0.3174,
UnsafeThread-2, 7008, 0.0070, 0.1504, 0.1507,
UnsafeThread-2, 7040, 0.0066, 0.0688, 0.0690,
UnsafeThread-2, 7072, 0.0079, 0.3986, 0.3989,
UnsafeThread-2, 7104, 0.0072, 0.3151, 0.3154,
UnsafeThread-2, 7136, 0.0076, 0.3989, 0.3991,
UnsafeThread-2, 7168, 0.0075, 0.3203, 0.3205,
UnsafeThread-2, 7200, 0.0069, 0.3233, 0.3235,
UnsafeThread-2, 7232, 0.0069, 0.4021, 0.4023,
UnsafeThread-2, 7264, 0.0073, 0.5704, 0.5707,
UnsafeThread-2, 7296, 0.0081, 0.3123, 0.3125,
UnsafeThread-2, 7328, 0.0067, 0.5732, 0.5734,
UnsafeThread-2, 7360, 0.0068, 0.2326, 0.2328,
UnsafeThread-2, 7392, 0.0070, 0.3155, 0.3157,
UnsafeThread-2, 7424, 0.0081, 0.6526, 0.6528,
UnsafeThread-2, 7456, 0.0072, 0.6498, 0.6501,
UnsafeThread-2, 7488, 0.0071, 0.4026, 0.4028,
UnsafeThread-2, 7520, 0.0073, 0.2332, 0.2334,
UnsafeThread-2, 7552, 0.0072, 0.3180, 0.3182,
UnsafeThread-2, 7584, 0.0070, 0.1510, 0.1512,
UnsafeThread-2, 7616, 0.0076, 0.4819, 0.4822,
UnsafeThread-2, 7648, 0.0076, 0.2421, 0.2423,
UnsafeThread-2, 7680, 0.0070, 0.3140, 0.3142,
UnsafeThread-2, 7712, 0.0071, 0.4818, 0.4820,
UnsafeThread-2, 7744, 0.0072, 0.2323, 0.2326,
UnsafeThread-2, 7776, 0.0067, 0.7286, 0.7288,
UnsafeThread-2, 7808, 0.0064, 0.6477, 0.6480,
UnsafeThread-2, 7840, 0.0068, 0.3149, 0.3151,
UnsafeThread-2, 7872, 0.0070, 0.4799, 0.4801,
UnsafeThread-2, 7904, 0.0070, 0.4901, 0.4904,
UnsafeThread-2, 7936, 0.0066, 0.2295, 0.2298,
UnsafeThread-2, 7968, 0.0075, 0.2315, 0.2317,
UnsafeThread-2, 8000, 0.0074, 0.6402, 0.6406,
UnsafeThread-2, 8032, 0.0067, 0.3119, 0.3187,
UnsafeThread-2, 8064, 0.0068, 0.2285, 0.2350,
UnsafeThread-2, 8096, 0.0073, 0.2289, 0.2357,
UnsafeThread-2, 8128, 0.0069, 0.3990, 0.4063,
UnsafeThread-2, 8160, 0.0077, 0.0588, 0.0660,
UnsafeThread-2, 8192, 0.0075, 0.5550, 0.5625,
UnsafeThread-2, 8224, 0.0071, 0.3135, 0.3207,
UnsafeThread-2, 8256, 0.0076, 0.7220, 0.7290,
UnsafeThread-2, 8288, 0.0073, 0.3104, 0.3178,
UnsafeThread-2, 8320, 0.0074, 0.7248, 0.7321,
UnsafeThread-2, 8352, 0.0074, 0.3115, 0.3187,
UnsafeThread-2, 8384, 0.0071, 0.3999, 0.4071,
UnsafeThread-2, 8416, 0.0068, 0.5576, 0.5645,
UnsafeThread-2, 8448, 0.0078, 0.6442, 0.6509,
UnsafeThread-2, 8480, 0.0078, 0.2263, 0.2335,
UnsafeThread-2, 8512, 0.0065, 0.4825, 0.4893,
UnsafeThread-2, 8544, 0.0073, 0.0612, 0.0684,
UnsafeThread-2, 8576, 0.0068, 0.3954, 0.4025,
UnsafeThread-2, 8608, 0.0065, 0.4782, 0.4850,
UnsafeThread-2, 8640, 0.0072, 0.3123, 0.3200,
UnsafeThread-2, 8672, 0.0071, 0.9759, 0.9837,
UnsafeThread-2, 8704, 0.0076, 0.3971, 0.4043,
UnsafeThread-2, 8736, 0.0069, 0.1449, 0.1517,
UnsafeThread-2, 8768, 0.0071, 0.2270, 0.2338,
UnsafeThread-2, 8800, 0.0073, 0.3950, 0.4021,
UnsafeThread-2, 8832, 0.0078, 0.0597, 0.0666,
UnsafeThread-2, 8864, 0.0079, 0.4846, 0.4919,
UnsafeThread-2, 8896, 0.0064, 0.5663, 0.5732,
UnsafeThread-2, 8928, 0.0076, 0.2279, 0.2349,
UnsafeThread-2, 8960, 0.0085, 0.2318, 0.2390,
UnsafeThread-2, 8992, 0.0069, 0.4865, 0.4936,
UnsafeThread-2, 9024, 0.0075, 0.5567, 0.5640,
UnsafeThread-2, 9056, 0.0075, 0.2317, 0.2384,
UnsafeThread-2, 9088, 0.0072, 0.3167, 0.3240,
UnsafeThread-2, 9120, 0.0068, 0.3156, 0.3227,
UnsafeThread-2, 9152, 0.0074, 0.4772, 0.4847,
UnsafeThread-2, 9184, 0.0075, 0.5757, 0.5831,
UnsafeThread-2, 9216, 0.0064, 0.3166, 0.3236,
UnsafeThread-2, 9248, 0.0075, 0.5595, 0.5670,
UnsafeThread-2, 9280, 0.0076, 0.3151, 0.3217,
UnsafeThread-2, 9312, 0.0072, 0.3971, 0.4044,
UnsafeThread-2, 9344, 0.0077, 0.0602, 0.0673,
UnsafeThread-2, 9376, 0.0068, 0.3123, 0.3196,
UnsafeThread-2, 9408, 0.0073, 0.2349, 0.2418,
UnsafeThread-2, 9440, 0.0065, 0.4770, 0.4846,
UnsafeThread-2, 9472, 0.0078, 0.6434, 0.6506,
UnsafeThread-2, 9504, 0.0073, 0.3125, 0.3194,
UnsafeThread-2, 9536, 0.0071, 0.5619, 0.5689,
UnsafeThread-2, 9568, 0.0071, 0.3126, 0.3198,
UnsafeThread-2, 9600, 0.0075, 0.3952, 0.4027,
UnsafeThread-2, 9632, 0.0070, 0.3992, 0.4065,
UnsafeThread-2, 9664, 0.0070, 0.3988, 0.4062,
UnsafeThread-2, 9696, 0.0075, 0.2291, 0.2368,
UnsafeThread-2, 9728, 0.0077, 0.3938, 0.4009,
UnsafeThread-2, 9760, 0.0068, 0.3961, 0.4035,
UnsafeThread-2, 9792, 0.0070, 0.2337, 0.2408,
UnsafeThread-2, 9824, 0.0073, 0.3148, 0.3220,
UnsafeThread-2, 9856, 0.0072, 0.4037, 0.4112,
UnsafeThread-2, 9888, 0.0076, 0.2311, 0.2386,
UnsafeThread-2, 9920, 0.0067, 0.4883, 0.4954,
UnsafeThread-2, 9952, 0.0078, 0.1441, 0.1511,
UnsafeThread-2, 9984, 0.0079, 0.4855, 0.4928,
UnsafeThread-2, 10016, 0.0078, 0.4876, 0.4952,
UnsafeThread-2, 10048, 0.0068, 0.8176, 0.8249,
UnsafeThread-2, 10080, 0.0073, 0.5683, 0.5756,
UnsafeThread-2, 10112, 0.0081, 0.4843, 0.4920,
UnsafeThread-2, 10144, 0.0071, 0.5719, 0.5786,
UnsafeThread-2, 10176, 0.0069, 0.6471, 0.6541,
UnsafeThread-2, 10208, 0.0075, 0.3975, 0.4045,
UnsafeThread-2, 10240, 0.0074, 0.3929, 0.4000,
UnsafeThread-2, 10272, 0.0071, 0.3922, 0.3996,
UnsafeThread-2, 10304, 0.0072, 0.7342, 0.7419,
UnsafeThread-2, 10336, 0.0077, 0.3910, 0.3982,
UnsafeThread-2, 10368, 0.0074, 0.5685, 0.5759,
UnsafeThread-2, 10400, 0.0075, 0.2324, 0.2394,
UnsafeThread-2, 10432, 0.0073, 0.4008, 0.4077,
UnsafeThread-2, 10464, 0.0067, 0.3191, 0.3261,
UnsafeThread-2, 10496, 0.0085, 0.6550, 0.6623,
UnsafeThread-2, 10528, 0.0070, 0.3930, 0.4005,
UnsafeThread-2, 10560, 0.0070, 0.4766, 0.4837,
UnsafeThread-2, 10592, 0.0080, 0.3167, 0.3241,
UnsafeThread-2, 10624, 0.0075, 0.4013, 0.4082,
UnsafeThread-2, 10656, 0.0075, 0.5597, 0.5670,
UnsafeThread-2, 10688, 0.0074, 0.3112, 0.3186,
UnsafeThread-2, 10720, 0.0082, 0.3125, 0.3196,
UnsafeThread-2, 10752, 0.0069, 0.3985, 0.4056,
UnsafeThread-2, 10784, 0.0075, 0.2321, 0.2390,
UnsafeThread-2, 10816, 0.0078, 0.3122, 0.3193,
UnsafeThread-2, 10848, 0.0076, 0.4021, 0.4093,
UnsafeThread-2, 10880, 0.0069, 0.2283, 0.2353,
UnsafeThread-2, 10912, 0.0084, 0.3986, 0.4057,
UnsafeThread-2, 10944, 0.0077, 0.4851, 0.4926,
UnsafeThread-2, 10976, 0.0073, 0.2271, 0.2345,
UnsafeThread-2, 11008, 0.0076, 0.4006, 0.4081,
UnsafeThread-2, 11040, 0.0080, 0.6407, 0.6478,
UnsafeThread-2, 11072, 0.0070, 0.6483, 0.6550,
UnsafeThread-2, 11104, 0.0067, 0.5564, 0.5635,
UnsafeThread-2, 11136, 0.0075, 0.4754, 0.4825,
UnsafeThread-2, 11168, 0.0076, 0.4723, 0.4791,
UnsafeThread-2, 11200, 0.0079, 0.5544, 0.5618,
UnsafeThread-2, 11232, 0.0080, 0.5584, 0.5656,
UnsafeThread-2, 11264, 0.0077, 0.1386, 0.1458,
UnsafeThread-2, 11296, 0.0073, 0.3990, 0.4057,
UnsafeThread-2, 11328, 0.0069, 0.3862, 0.3933,
UnsafeThread-2, 11360, 0.0068, 0.2300, 0.2368,
UnsafeThread-2, 11392, 0.0080, 0.2237, 0.2311,
UnsafeThread-2, 11424, 0.0076, 0.6407, 0.6483,
UnsafeThread-2, 11456, 0.0075, 0.3860, 0.3935,
UnsafeThread-2, 11488, 0.0077, 0.5523, 0.5596,
UnsafeThread-2, 11520, 0.0076, 0.7169, 0.7240,
UnsafeThread-2, 11552, 0.0079, 0.3943, 0.4016,
UnsafeThread-2, 11584, 0.0068, 0.3097, 0.3171,
UnsafeThread-2, 11616, 0.0072, 0.4670, 0.4744,
UnsafeThread-2, 11648, 0.0069, 0.4715, 0.4784,
UnsafeThread-2, 11680, 0.0076, 0.4766, 0.4838,
UnsafeThread-2, 11712, 0.0069, 0.4719, 0.4790,
UnsafeThread-2, 11744, 0.0060, 0.2299, 0.2367,
UnsafeThread-2, 11776, 0.0067, 0.3960, 0.4030,
UnsafeThread-2, 11808, 0.0072, 0.5505, 0.5581,
UnsafeThread-2, 11840, 0.0075, 0.2309, 0.2382,
UnsafeThread-2, 11872, 0.0076, 0.1484, 0.1555,
UnsafeThread-2, 11904, 0.0061, 0.2234, 0.2303,
UnsafeThread-2, 11936, 0.0063, 0.5552, 0.5624,
UnsafeThread-2, 11968, 0.0072, 0.4795, 0.4865,
UnsafeThread-2, 12000, 0.0066, 0.5595, 0.5666,
UnsafeThread-2, 12032, 0.0070, 0.5637, 0.5707,
UnsafeThread-2, 12064, 0.0065, 0.3968, 0.4045,
UnsafeThread-2, 12096, 0.0067, 0.2243, 0.2312,
UnsafeThread-2, 12128, 0.0061, 0.0575, 0.0644,
UnsafeThread-2, 12160, 0.0071, 0.4790, 0.4857,
UnsafeThread-2, 12192, 0.0081, 0.4840, 0.4908,
UnsafeThread-2, 12224, 0.0060, 0.3037, 0.3110,
UnsafeThread-2, 12256, 0.0072, 0.1456, 0.1526,
UnsafeThread-2, 12288, 0.0065, 0.5587, 0.5654,
UnsafeThread-2, 12320, 0.0072, 0.5549, 0.5624,
UnsafeThread-2, 12352, 0.0070, 0.4656, 0.4726,
UnsafeThread-2, 12384, 0.0069, 0.5559, 0.5632,
UnsafeThread-2, 12416, 0.0075, 0.5655, 0.5727,
UnsafeThread-2, 12448, 0.0062, 0.5562, 0.5633,
UnsafeThread-2, 12480, 0.0072, 0.5543, 0.5613,
UnsafeThread-2, 12512, 0.0064, 0.2263, 0.2334,
UnsafeThread-2, 12544, 0.0078, 0.3119, 0.3190,
UnsafeThread-2, 12576, 0.0072, 0.3932, 0.4006,
UnsafeThread-2, 12608, 0.0073, 0.3108, 0.3179,
UnsafeThread-2, 12640, 0.0067, 0.3979, 0.4052,
UnsafeThread-2, 12672, 0.0077, 0.5642, 0.5711,
UnsafeThread-2, 12704, 0.0072, 0.3099, 0.3169,
UnsafeThread-2, 12736, 0.0075, 0.4809, 0.4879,
UnsafeThread-2, 12768, 0.0074, 0.4758, 0.4827,
UnsafeThread-2, 12800, 0.0077, 0.2261, 0.2337,
UnsafeThread-2, 12832, 0.0069, 0.4736, 0.4807,
UnsafeThread-2, 12864, 0.0076, 0.3956, 0.4031,
UnsafeThread-2, 12896, 0.0072, 0.5577, 0.5649,
UnsafeThread-2, 12928, 0.0068, 0.6385, 0.6453,
UnsafeThread-2, 12960, 0.0064, 0.3123, 0.3194,
UnsafeThread-2, 12992, 0.0067, 0.3101, 0.3177,
UnsafeThread-2, 13024, 0.0075, 0.5640, 0.5714,
UnsafeThread-2, 13056, 0.0071, 0.1416, 0.1491,
UnsafeThread-2, 13088, 0.0074, 0.3087, 0.3163,
UnsafeThread-2, 13120, 0.0073, 0.3958, 0.4031,
UnsafeThread-2, 13152, 0.0072, 0.5604, 0.5676,
UnsafeThread-2, 13184, 0.0069, 0.1410, 0.1483,
UnsafeThread-2, 13216, 0.0075, 0.3860, 0.3929,
UnsafeThread-2, 13248, 0.0068, 0.3123, 0.3192,
UnsafeThread-2, 13280, 0.0086, 0.4716, 0.4791,
UnsafeThread-2, 13312, 0.0076, 0.5545, 0.5617,
UnsafeThread-2, 13344, 0.0079, 0.3943, 0.4015,
UnsafeThread-2, 13376, 0.0075, 0.5554, 0.5627,
UnsafeThread-2, 13408, 0.0071, 0.3972, 0.4047,
UnsafeThread-2, 13440, 0.0074, 0.2238, 0.2310,
UnsafeThread-2, 13472, 0.0075, 0.3079, 0.3152,
UnsafeThread-2, 13504, 0.0067, 0.3133, 0.3206,
UnsafeThread-2, 13536, 0.0080, 0.4733, 0.4808,
UnsafeThread-2, 13568, 0.0073, 0.3092, 0.3164,
UnsafeThread-2, 13600, 0.0072, 0.3139, 0.3211,
UnsafeThread-2, 13632, 0.0071, 0.4801, 0.4876,
UnsafeThread-2, 13664, 0.0076, 0.5670, 0.5742,
UnsafeThread-2, 13696, 0.0068, 0.2277, 0.2350,
UnsafeThread-2, 13728, 0.0069, 0.3992, 0.4061,
UnsafeThread-2, 13760, 0.0071, 0.2319, 0.2389,
UnsafeThread-2, 13792, 0.0070, 0.4016, 0.4085,
UnsafeThread-2, 13824, 0.0069, 0.4864, 0.4939,
UnsafeThread-2, 13856, 0.0079, 0.7421, 0.7491,
UnsafeThread-2, 13888, 0.0074, 0.2296, 0.2367,
UnsafeThread-2, 13920, 0.0078, 0.3157, 0.3228,
UnsafeThread-2, 13952, 0.0074, 0.3976, 0.4046,
UnsafeThread-2, 13984, 0.0073, 0.1451, 0.1527,
UnsafeThread-2, 14016, 0.0069, 0.3985, 0.4054,
UnsafeThread-2, 14048, 0.0080, 0.2294, 0.2371,
UnsafeThread-2, 14080, 0.0068, 0.3148, 0.3217,
UnsafeThread-2, 14112, 0.0073, 0.0606, 0.0675,
UnsafeThread-2, 14144, 0.0079, 0.3133, 0.3206,
UnsafeThread-2, 14176, 0.0068, 0.1470, 0.1544,
UnsafeThread-2, 14208, 0.0074, 0.3969, 0.4040,
UnsafeThread-2, 14240, 0.0077, 0.7377, 0.7450,
UnsafeThread-2, 14272, 0.0074, 0.4044, 0.4110,
UnsafeThread-2, 14304, 0.0080, 0.1473, 0.1542,
UnsafeThread-2, 14336, 0.0065, 0.4001, 0.4074,
UnsafeThread-2, 14368, 0.0067, 0.2262, 0.2333,
UnsafeThread-2, 14400, 0.0070, 0.2433, 0.2501,
UnsafeThread-2, 14432, 0.0072, 0.4089, 0.4157,
UnsafeThread-2, 14464, 0.0080, 0.3966, 0.4036,
UnsafeThread-2, 14496, 0.0070, 0.4838, 0.4907,
UnsafeThread-2, 14528, 0.0071, 0.6549, 0.6617,
UnsafeThread-2, 14560, 0.0076, 0.3947, 0.4020,
UnsafeThread-2, 14592, 0.0070, 0.1462, 0.1536,
UnsafeThread-2, 14624, 0.0064, 0.2279, 0.2358,
UnsafeThread-2, 14656, 0.0066, 0.3082, 0.3154,
UnsafeThread-2, 14688, 0.0071, 0.3984, 0.4054,
UnsafeThread-2, 14720, 0.0069, 0.3930, 0.4002,
UnsafeThread-2, 14752, 0.0072, 0.3143, 0.3218,
UnsafeThread-2, 14784, 0.0082, 0.3158, 0.3229,
UnsafeThread-2, 14816, 0.0074, 0.6518, 0.6593,
UnsafeThread-2, 14848, 0.0078, 0.2371, 0.2442,
UnsafeThread-2, 14880, 0.0079, 0.3174, 0.3250,
UnsafeThread-2, 14912, 0.0070, 0.5638, 0.5712,
UnsafeThread-2, 14944, 0.0068, 0.3161, 0.3229,
UnsafeThread-2, 14976, 0.0070, 0.3221, 0.3291,
UnsafeThread-2, 15008, 0.0072, 0.3161, 0.3234,
UnsafeThread-2, 15040, 0.0076, 0.4880, 0.4950,
UnsafeThread-2, 15072, 0.0063, 0.6609, 0.6681,
UnsafeThread-2, 15104, 0.0072, 0.3186, 0.3257,
UnsafeThread-2, 15136, 0.0070, 0.4867, 0.4938,
UnsafeThread-2, 15168, 0.0062, 0.2285, 0.2356,
UnsafeThread-2, 15200, 0.0072, 0.4924, 0.4998,
UnsafeThread-2, 15232, 0.0074, 0.2301, 0.2373,
UnsafeThread-2, 15264, 0.0067, 0.2325, 0.2394,
UnsafeThread-2, 15296, 0.0071, 0.6584, 0.6654,
UnsafeThread-2, 15328, 0.0070, 0.4858, 0.4928,
UnsafeThread-2, 15360, 0.0068, 0.3168, 0.3241,
UnsafeThread-2, 15392, 0.0070, 0.4866, 0.4938,
UnsafeThread-2, 15424, 0.0071, 0.3950, 0.4021,
UnsafeThread-2, 15456, 0.0075, 0.2289, 0.2362,
UnsafeThread-2, 15488, 0.0068, 0.4016, 0.4089,
UnsafeThread-2, 15520, 0.0077, 0.3142, 0.3211,
UnsafeThread-2, 15552, 0.0069, 0.4034, 0.4106,
UnsafeThread-2, 15584, 0.0070, 0.3965, 0.4036,
UnsafeThread-2, 15616, 0.0068, 0.4024, 0.4096,
UnsafeThread-2, 15648, 0.0066, 0.8173, 0.8244,
UnsafeThread-2, 15680, 0.0073, 0.4846, 0.4921,
UnsafeThread-2, 15712, 0.0072, 0.3978, 0.4046,
UnsafeThread-2, 15744, 0.0071, 0.3182, 0.3253,
UnsafeThread-2, 15776, 0.0067, 0.2322, 0.2397,
UnsafeThread-2, 15808, 0.0075, 0.6592, 0.6667,
UnsafeThread-2, 15840, 0.0076, 0.3962, 0.4038,
UnsafeThread-2, 15872, 0.0070, 0.4013, 0.4084,
UnsafeThread-2, 15904, 0.0076, 0.4820, 0.4894,
UnsafeThread-2, 15936, 0.0069, 0.4882, 0.4953,
UnsafeThread-2, 15968, 0.0071, 0.4884, 0.4956,
UnsafeThread-2, 16000, 0.0068, 0.4838, 0.4911,
UnsafeThread-2, 16032, 0.0064, 0.5685, 0.5761,
UnsafeThread-2, 16064, 0.0076, 0.4013, 0.4084,
UnsafeThread-2, 16096, 0.0069, 0.4014, 0.4089,
UnsafeThread-2, 16128, 0.0070, 0.3198, 0.3261,
UnsafeThread-2, 16160, 0.0076, 0.1468, 0.1539,
UnsafeThread-2, 16192, 0.0079, 0.3130, 0.3208,
UnsafeThread-2, 16224, 0.0074, 0.2343, 0.2418,
UnsafeThread-2, 16256, 0.0068, 0.6533, 0.6608,
UnsafeThread-2, 16288, 0.0070, 0.3192, 0.3269,
UnsafeThread-2, 16320, 0.0072, 0.2317, 0.2389,
UnsafeThread-2, 16352, 0.0068, 0.3996, 0.4070,
UnsafeThread-2, 16384, 0.0074, 0.7309, 0.7384,
UnsafeThread-2, 16416, 0.0075, 0.1482, 0.1560,
UnsafeThread-2, 16448, 0.0074, 0.5701, 0.5770,
UnsafeThread-2, 16480, 0.0067, 0.2322, 0.2395,
UnsafeThread-2, 16512, 0.0068, 0.3955, 0.4023,
UnsafeThread-2, 16544, 0.0075, 0.3151, 0.3226,
UnsafeThread-2, 16576, 0.0070, 0.3107, 0.3176,
UnsafeThread-2, 16608, 0.0073, 0.1457, 0.1529,
UnsafeThread-2, 16640, 0.0075, 0.2317, 0.2388,
UnsafeThread-2, 16672, 0.0072, 0.4851, 0.4923,
UnsafeThread-2, 16704, 0.0075, 0.3970, 0.4042,
UnsafeThread-2, 16736, 0.0068, 0.3905, 0.3977,
UnsafeThread-2, 16768, 0.0072, 0.3097, 0.3170,
UnsafeThread-2, 16800, 0.0077, 0.5573, 0.5652,
UnsafeThread-2, 16832, 0.0069, 0.3167, 0.3240,
UnsafeThread-2, 16864, 0.0081, 0.6495, 0.6567,
UnsafeThread-2, 16896, 0.0074, 0.3958, 0.4033,
UnsafeThread-2, 16928, 0.0072, 0.3102, 0.3175,
UnsafeThread-2, 16960, 0.0075, 0.3921, 0.3994,
UnsafeThread-2, 16992, 0.0069, 0.4753, 0.4830,
UnsafeThread-2, 17024, 0.0074, 0.5561, 0.5635,
UnsafeThread-2, 17056, 0.0075, 0.8041, 0.8108,
UnsafeThread-2, 17088, 0.0070, 0.3067, 0.3140,
UnsafeThread-2, 17120, 0.0079, 0.6301, 0.6369,
UnsafeThread-2, 17152, 0.0075, 0.3009, 0.3082,
UnsafeThread-2, 17184, 0.0074, 0.7199, 0.7269,
UnsafeThread-2, 17216, 0.0079, 0.3849, 0.3923,
UnsafeThread-2, 17248, 0.0072, 0.3928, 0.4002,
UnsafeThread-2, 17280, 0.0076, 0.4676, 0.4748,
UnsafeThread-2, 17312, 0.0080, 0.4671, 0.4744,
UnsafeThread-2, 17344, 0.0079, 0.2251, 0.2325,
UnsafeThread-2, 17376, 0.0076, 0.5510, 0.5582,
UnsafeThread-2, 17408, 0.0071, 0.4692, 0.4761,
UnsafeThread-2, 17440, 0.0068, 0.4608, 0.4679,
UnsafeThread-2, 17472, 0.0067, 0.3050, 0.3123,
UnsafeThread-2, 17504, 0.0075, 0.4681, 0.4754,
UnsafeThread-2, 17536, 0.0061, 0.3012, 0.3078,
UnsafeThread-2, 17568, 0.0064, 0.3878, 0.3947,
UnsafeThread-2, 17600, 0.0073, 0.5434, 0.5504,
UnsafeThread-2, 17632, 0.0074, 0.3873, 0.3946,
UnsafeThread-2, 17664, 0.0073, 0.3917, 0.3988,
UnsafeThread-2, 17696, 0.0075, 0.3081, 0.3157,
UnsafeThread-2, 17728, 0.0066, 0.3882, 0.3956,
UnsafeThread-2, 17760, 0.0064, 0.3829, 0.3897,
UnsafeThread-2, 17792, 0.0062, 0.1379, 0.1449,
UnsafeThread-2, 17824, 0.0066, 0.6234, 0.6303,
UnsafeThread-2, 17856, 0.0066, 0.4685, 0.4758,
UnsafeThread-2, 17888, 0.0067, 0.3024, 0.3095,
UnsafeThread-2, 17920, 0.0065, 0.3812, 0.3883,
UnsafeThread-2, 17952, 0.0073, 0.2260, 0.2333,
UnsafeThread-2, 17984, 0.0069, 0.2255, 0.2323,
UnsafeThread-2, 18016, 0.0075, 0.5529, 0.5600,
UnsafeThread-2, 18048, 0.0070, 0.3851, 0.3925,
UnsafeThread-2, 18080, 0.0072, 0.3125, 0.3192,
UnsafeThread-2, 18112, 0.0070, 0.2271, 0.2341,
UnsafeThread-2, 18144, 0.0079, 0.2247, 0.2317,
UnsafeThread-2, 18176, 0.0078, 0.3075, 0.3149,
UnsafeThread-2, 18208, 0.0074, 0.2298, 0.2362,
UnsafeThread-2, 18240, 0.0073, 0.3067, 0.3140,
UnsafeThread-2, 18272, 0.0082, 0.3036, 0.3107,
UnsafeThread-2, 18304, 0.0070, 0.3087, 0.3156,
UnsafeThread-2, 18336, 0.0085, 0.2264, 0.2334,
UnsafeThread-2, 18368, 0.0082, 0.3907, 0.3981,
UnsafeThread-2, 18400, 0.0077, 0.5525, 0.5593,
UnsafeThread-2, 18432, 0.0075, 0.5513, 0.5585,
UnsafeThread-2, 18464, 0.0082, 0.3175, 0.3248,
UnsafeThread-2, 18496, 0.0072, 0.3093, 0.3167,
UnsafeThread-2, 18528, 0.0074, 0.3070, 0.3143,
UnsafeThread-2, 18560, 0.0066, 0.2304, 0.2375,
UnsafeThread-2, 18592, 0.0074, 0.2316, 0.2392,
UnsafeThread-2, 18624, 0.0064, 0.4747, 0.4815,
UnsafeThread-2, 18656, 0.0075, 0.5606, 0.5679,
UnsafeThread-2, 18688, 0.0068, 0.2244, 0.2316,
UnsafeThread-2, 18720, 0.0068, 0.7140, 0.7211,
UnsafeThread-2, 18752, 0.0068, 0.4697, 0.4770,
UnsafeThread-2, 18784, 0.0070, 0.3897, 0.3970,
UnsafeThread-2, 18816, 0.0079, 0.4715, 0.4785,
UnsafeThread-2, 18848, 0.0072, 0.3091, 0.3163,
UnsafeThread-2, 18880, 0.0086, 0.6306, 0.6377,
UnsafeThread-2, 18912, 0.0074, 0.6321, 0.6395,
UnsafeThread-2, 18944, 0.0081, 0.4630, 0.4704,
UnsafeThread-2, 18976, 0.0073, 0.4607, 0.4682,
UnsafeThread-2, 19008, 0.0081, 0.3058, 0.3129,
UnsafeThread-2, 19040, 0.0072, 0.2249, 0.2319,
UnsafeThread-2, 19072, 0.0068, 0.2233, 0.2304,
UnsafeThread-2, 19104, 0.0066, 0.1446, 0.1517,
UnsafeThread-2, 19136, 0.0070, 0.3058, 0.3128,
UnsafeThread-2, 19168, 0.0081, 0.5456, 0.5529,
UnsafeThread-2, 19200, 0.0066, 0.3002, 0.3074,
UnsafeThread-2, 19232, 0.0071, 0.4741, 0.4814,
UnsafeThread-2, 19264, 0.0069, 0.5502, 0.5577,
UnsafeThread-2, 19296, 0.0081, 0.3067, 0.3140,
UnsafeThread-2, 19328, 0.0064, 0.5508, 0.5576,
UnsafeThread-2, 19360, 0.0078, 0.3822, 0.3894,
UnsafeThread-2, 19392, 0.0069, 0.3047, 0.3114,
UnsafeThread-2, 19424, 0.0071, 0.2214, 0.2289,
UnsafeThread-2, 19456, 0.0080, 0.3833, 0.3903,
UnsafeThread-2, 19488, 0.0070, 0.3848, 0.3921,
UnsafeThread-2, 19520, 0.0064, 0.3140, 0.3210,
UnsafeThread-2, 19552, 0.0087, 0.6367, 0.6440,
UnsafeThread-2, 19584, 0.0074, 0.4751, 0.4826,
UnsafeThread-2, 19616, 0.0084, 0.3048, 0.3124,
UnsafeThread-2, 19648, 0.0068, 0.4000, 0.4066,
UnsafeThread-2, 19680, 0.0072, 0.5524, 0.5597,
UnsafeThread-2, 19712, 0.0073, 0.4775, 0.4848,
UnsafeThread-2, 19744, 0.0070, 0.4766, 0.4836,
UnsafeThread-2, 19776, 0.0069, 0.3966, 0.4033,
UnsafeThread-2, 19808, 0.0065, 0.3150, 0.3222,
UnsafeThread-2, 19840, 0.0073, 0.2264, 0.2335,
UnsafeThread-2, 19872, 0.0075, 0.6506, 0.6577,
UnsafeThread-2, 19904, 0.0071, 0.3939, 0.4005,
UnsafeThread-2, 19936, 0.0065, 0.3947, 0.4020,
UnsafeThread-2, 19968, 0.0076, 0.2297, 0.2370,
UnsafeThread-2, 20000, 0.0077, 0.3932, 0.4009,
UnsafeThread-2, 20032, 0.0086, 0.3953, 0.4024,
UnsafeThread-2, 20064, 0.0063, 0.3156, 0.3228,
UnsafeThread-2, 20096, 0.0073, 0.3982, 0.4054,
UnsafeThread-2, 20128, 0.0064, 0.3985, 0.4055,
UnsafeThread-2, 20160, 0.0071, 0.7396, 0.7469,
UnsafeThread-2, 20192, 0.0079, 0.4827, 0.4902,
UnsafeThread-2, 20224, 0.0073, 0.2339, 0.2411,
UnsafeThread-2, 20256, 0.0076, 0.0584, 0.0656,
UnsafeThread-2, 20288, 0.0069, 0.3087, 0.3162,
UnsafeThread-2, 20320, 0.0074, 0.6373, 0.6447,
UnsafeThread-2, 20352, 0.0073, 0.0588, 0.0659,
UnsafeThread-2, 20384, 0.0079, 0.3907, 0.3981,
UnsafeThread-2, 20416, 0.0074, 0.3088, 0.3161,
UnsafeThread-2, 20448, 0.0070, 0.5620, 0.5688,
UnsafeThread-2, 20480, 0.0074, 0.3184, 0.3254,
UnsafeThread-2, 20512, 0.0068, 0.2254, 0.2327,
UnsafeThread-2, 20544, 0.0075, 0.2278, 0.2353,
UnsafeThread-2, 20576, 0.0072, 0.3967, 0.4040,
UnsafeThread-2, 20608, 0.0065, 0.3994, 0.4068,
UnsafeThread-2, 20640, 0.0069, 0.4055, 0.4127,
UnsafeThread-2, 20672, 0.0077, 0.3111, 0.3185,
UnsafeThread-2, 20704, 0.0068, 0.3965, 0.4038,
UnsafeThread-2, 20736, 0.0065, 0.4722, 0.4792,
UnsafeThread-2, 20768, 0.0067, 0.3138, 0.3207,
UnsafeThread-2, 20800, 0.0068, 0.4018, 0.4090,
UnsafeThread-2, 20832, 0.0072, 0.5677, 0.5748,
UnsafeThread-2, 20864, 0.0074, 0.3133, 0.3205,
UnsafeThread-2, 20896, 0.0073, 0.5592, 0.5666,
UnsafeThread-2, 20928, 0.0074, 0.3162, 0.3233,
UnsafeThread-2, 20960, 0.0076, 0.4030, 0.4101,
UnsafeThread-2, 20992, 0.0075, 0.4008, 0.4080,
UnsafeThread-2, 21024, 0.0068, 0.7269, 0.7341,
UnsafeThread-2, 21056, 0.0068, 0.6471, 0.6541,
UnsafeThread-2, 21088, 0.0080, 0.5565, 0.5641,
UnsafeThread-2, 21120, 0.0070, 0.6387, 0.6462,
UnsafeThread-2, 21152, 0.0074, 0.4692, 0.4768,
UnsafeThread-2, 21184, 0.0071, 0.2284, 0.2353,
UnsafeThread-2, 21216, 0.0068, 0.3892, 0.3967,
UnsafeThread-2, 21248, 0.0079, 0.1479, 0.1550,
UnsafeThread-2, 21280, 0.0074, 0.1469, 0.1541,
UnsafeThread-2, 21312, 0.0079, 0.3157, 0.3229,
UnsafeThread-2, 21344, 0.0066, 0.4814, 0.4887,
UnsafeThread-2, 21376, 0.0073, 0.3172, 0.3246,
UnsafeThread-2, 21408, 0.0073, 0.5593, 0.5665,
UnsafeThread-2, 21440, 0.0072, 0.3085, 0.3159,
UnsafeThread-2, 21472, 0.0068, 0.2272, 0.2340,
UnsafeThread-2, 21504, 0.0067, 0.3175, 0.3245,
UnsafeThread-2, 21536, 0.0073, 0.6483, 0.6554,
UnsafeThread-2, 21568, 0.0074, 0.1478, 0.1550,
UnsafeThread-2, 21600, 0.0078, 0.4820, 0.4895,
UnsafeThread-2, 21632, 0.0069, 0.6479, 0.6550,
UnsafeThread-2, 21664, 0.0072, 0.4799, 0.4874,
UnsafeThread-2, 21696, 0.0062, 0.5694, 0.5771,
UnsafeThread-2, 21728, 0.0072, 0.2326, 0.2399,
UnsafeThread-2, 21760, 0.0068, 0.2282, 0.2353,
UnsafeThread-2, 21792, 0.0065, 0.2315, 0.2389,
UnsafeThread-2, 21824, 0.0073, 0.3062, 0.3135,
UnsafeThread-2, 21856, 0.0067, 0.3119, 0.3196,
UnsafeThread-2, 21888, 0.0068, 0.2268, 0.2344,
UnsafeThread-2, 21920, 0.0072, 0.3989, 0.4062,
UnsafeThread-2, 21952, 0.0071, 0.4860, 0.4932,
UnsafeThread-2, 21984, 0.0071, 0.1482, 0.1558,
UnsafeThread-2, 22016, 0.0067, 0.2327, 0.2404,
UnsafeThread-2, 22048, 0.0074, 0.2362, 0.2437,
UnsafeThread-2, 22080, 0.0070, 0.3233, 0.3307,
UnsafeThread-2, 22112, 0.0076, 0.3155, 0.3230,
UnsafeThread-2, 22144, 0.0074, 0.5694, 0.5769,
UnsafeThread-2, 22176, 0.0071, 0.3160, 0.3237,
UnsafeThread-2, 22208, 0.0066, 0.4904, 0.4982,
UnsafeThread-2, 22240, 0.0070, 0.2326, 0.2401,
UnsafeThread-2, 22272, 0.0078, 0.3146, 0.3217,
UnsafeThread-2, 22304, 0.0072, 0.4031, 0.4110,
UnsafeThread-2, 22336, 0.0073, 0.4773, 0.4846,
UnsafeThread-2, 22368, 0.0074, 0.3168, 0.3243,
UnsafeThread-2, 22400, 0.0075, 0.3108, 0.3184,
UnsafeThread-2, 22432, 0.0080, 0.2339, 0.2412,
UnsafeThread-2, 22464, 0.0074, 0.0606, 0.0676,
UnsafeThread-2, 22496, 0.0070, 0.3152, 0.3222,
UnsafeThread-2, 22528, 0.0076, 0.4017, 0.4091,
UnsafeThread-2, 22560, 0.0073, 0.1471, 0.1544,
UnsafeThread-2, 22592, 0.0072, 0.3199, 0.3272,
UnsafeThread-2, 22624, 0.0074, 0.1497, 0.1569,
UnsafeThread-2, 22656, 0.0069, 0.4017, 0.4091,
UnsafeThread-2, 22688, 0.0065, 0.4038, 0.4109,
UnsafeThread-2, 22720, 0.0073, 0.4036, 0.4110,
UnsafeThread-2, 22752, 0.0072, 0.3173, 0.3247,
UnsafeThread-2, 22784, 0.0074, 0.2315, 0.2389,
UnsafeThread-2, 22816, 0.0067, 0.2326, 0.2400,
UnsafeThread-2, 22848, 0.0083, 0.3976, 0.4052,
UnsafeThread-2, 22880, 0.0073, 0.2328, 0.2403,
UnsafeThread-2, 22912, 0.0072, 0.1454, 0.1529,
UnsafeThread-2, 22944, 0.0069, 0.3197, 0.3268,
UnsafeThread-2, 22976, 0.0072, 0.7377, 0.7449,
UnsafeThread-2, 23008, 0.0085, 0.2323, 0.2399,
UnsafeThread-2, 23040, 0.0068, 0.5703, 0.5779,
UnsafeThread-2, 23072, 0.0074, 0.4880, 0.4959,
UnsafeThread-2, 23104, 0.0072, 0.4005, 0.4076,
UnsafeThread-2, 23136, 0.0072, 0.3183, 0.3259,
UnsafeThread-2, 23168, 0.0079, 0.3193, 0.3273,
UnsafeThread-2, 23200, 0.0078, 0.0631, 0.0708,
UnsafeThread-2, 23232, 0.0072, 0.4897, 0.4971,
UnsafeThread-2, 23264, 0.0075, 0.4983, 0.5057,
UnsafeThread-2, 23296, 0.0074, 0.5760, 0.5835,
UnsafeThread-2, 23328, 0.0078, 0.4021, 0.4096,
UnsafeThread-2, 23360, 0.0071, 0.1480, 0.1554,
UnsafeThread-2, 23392, 0.0071, 0.7536, 0.7611,
UnsafeThread-2, 23424, 0.0068, 0.5739, 0.5816,
UnsafeThread-2, 23456, 0.0076, 0.4869, 0.4945,
UnsafeThread-2, 23488, 0.0075, 0.4004, 0.4076,
UnsafeThread-2, 23520, 0.0074, 0.3189, 0.3264,
UnsafeThread-2, 23552, 0.0070, 0.3232, 0.3308,
UnsafeThread-2, 23584, 0.0070, 0.0655, 0.0730,
UnsafeThread-2, 23616, 0.0070, 0.4035, 0.4110,
UnsafeThread-2, 23648, 0.0069, 0.4236, 0.4313,
UnsafeThread-2, 23680, 0.0077, 0.6600, 0.6672,
UnsafeThread-2, 23712, 0.0075, 0.3225, 0.3300,
UnsafeThread-2, 23744, 0.0080, 0.4049, 0.4126,
UnsafeThread-2, 23776, 0.0068, 0.3205, 0.3280,
UnsafeThread-2, 23808, 0.0085, 0.1480, 0.1558,
UnsafeThread-2, 23840, 0.0069, 0.4081, 0.4158,
UnsafeThread-2, 23872, 0.0064, 0.1511, 0.1584,
UnsafeThread-2, 23904, 0.0071, 0.2322, 0.2397,
UnsafeThread-2, 23936, 0.0067, 0.3253, 0.3329,
UnsafeThread-2, 23968, 0.0074, 0.1531, 0.1604,
UnsafeThread-2, 24000, 0.0072, 0.4120, 0.4194,
UnsafeThread-2, 24032, 0.0077, 0.2383, 0.2459,
UnsafeThread-2, 24064, 0.0079, 0.4075, 0.4153,
UnsafeThread-2, 24096, 0.0069, 0.4028, 0.4105,
UnsafeThread-2, 24128, 0.0076, 0.6790, 0.6863,
UnsafeThread-2, 24160, 0.0079, 0.3212, 0.3283,
UnsafeThread-2, 24192, 0.0068, 0.7553, 0.7625,
UnsafeThread-2, 24224, 0.0079, 0.3176, 0.3253,
UnsafeThread-2, 24256, 0.0068, 0.5804, 0.5873,
UnsafeThread-2, 24288, 0.0068, 0.4956, 0.5028,
UnsafeThread-2, 24320, 0.0071, 0.1526, 0.1598,
UnsafeThread-2, 24352, 0.0076, 0.5756, 0.5832,
UnsafeThread-2, 24384, 0.0083, 1.0100, 1.0177,
UnsafeThread-2, 24416, 0.0072, 0.4866, 0.4940,
UnsafeThread-2, 24448, 0.0067, 0.6566, 0.6640,
UnsafeThread-2, 24480, 0.0079, 0.3147, 0.3223,
UnsafeThread-2, 24512, 0.0069, 0.4037, 0.4111,
UnsafeThread-2, 24544, 0.0069, 0.3974, 0.4048,
UnsafeThread-2, 24576, 0.0076, 0.9880, 0.9957,
UnsafeThread-2, 24608, 0.0085, 0.4058, 0.4131,
UnsafeThread-2, 24640, 0.0075, 0.7256, 0.7330,
UnsafeThread-2, 24672, 0.0070, 0.3122, 0.3194,
UnsafeThread-2, 24704, 0.0073, 0.3089, 0.3163,
UnsafeThread-2, 24736, 0.0067, 0.4077, 0.4152,
UnsafeThread-2, 24768, 0.0069, 0.3900, 0.3975,
UnsafeThread-2, 24800, 0.0078, 0.4826, 0.4900,
UnsafeThread-2, 24832, 0.0075, 0.3125, 0.3199,
UnsafeThread-2, 24864, 0.0069, 0.3920, 0.3993,
UnsafeThread-2, 24896, 0.0083, 0.6456, 0.6533,
UnsafeThread-2, 24928, 0.0077, 0.5568, 0.5649,
UnsafeThread-2, 24960, 0.0076, 0.5583, 0.5655,
UnsafeThread-2, 24992, 0.0068, 0.4019, 0.4094,
UnsafeThread-2, 25024, 0.0073, 0.6338, 0.6415,
UnsafeThread-2, 25056, 0.0074, 0.5563, 0.5635,
UnsafeThread-2, 25088, 0.0072, 0.2257, 0.2329,
UnsafeThread-2, 25120, 0.0073, 0.3034, 0.3108,
UnsafeThread-2, 25152, 0.0069, 0.5579, 0.5652,
UnsafeThread-2, 25184, 0.0071, 0.5547, 0.5623,
UnsafeThread-2, 25216, 0.0075, 0.2306, 0.2386,
UnsafeThread-2, 25248, 0.0081, 0.3894, 0.3970,
UnsafeThread-2, 25280, 0.0075, 0.5594, 0.5667,
UnsafeThread-2, 25312, 0.0080, 0.2255, 0.2330,
UnsafeThread-2, 25344, 0.0070, 0.5610, 0.5681,
UnsafeThread-2, 25376, 0.0077, 0.3160, 0.3232,
UnsafeThread-2, 25408, 0.0072, 0.5475, 0.5554,
UnsafeThread-2, 25440, 0.0071, 0.7254, 0.7328,
UnsafeThread-2, 25472, 0.0086, 0.3904, 0.3973,
UnsafeThread-2, 25504, 0.0072, 0.3905, 0.3978,
UnsafeThread-2, 25536, 0.0071, 0.3124, 0.3202,
UnsafeThread-2, 25568, 0.0076, 0.3100, 0.3174,
UnsafeThread-2, 25600, 0.0068, 0.1469, 0.1543,
UnsafeThread-2, 25632, 0.0070, 0.3092, 0.3167,
UnsafeThread-2, 25664, 0.0076, 0.4721, 0.4800,
UnsafeThread-2, 25696, 0.0078, 0.0638, 0.0708,
UnsafeThread-2, 25728, 0.0070, 0.3903, 0.3980,
UnsafeThread-2, 25760, 0.0073, 0.5618, 0.5691,
UnsafeThread-2, 25792, 0.0080, 0.1469, 0.1540,
UnsafeThread-2, 25824, 0.0075, 0.5458, 0.5536,
UnsafeThread-2, 25856, 0.0073, 0.2307, 0.2377,
UnsafeThread-2, 25888, 0.0080, 0.4784, 0.4862,
UnsafeThread-2, 25920, 0.0071, 0.2341, 0.2415,
UnsafeThread-2, 25952, 0.0069, 0.5615, 0.5687,
UnsafeThread-2, 25984, 0.0069, 0.3954, 0.4027,
UnsafeThread-2, 26016, 0.0077, 0.1496, 0.1570,
UnsafeThread-2, 26048, 0.0085, 0.5634, 0.5710,
UnsafeThread-2, 26080, 0.0072, 0.3944, 0.4020,
UnsafeThread-2, 26112, 0.0069, 0.5591, 0.5672,
UnsafeThread-2, 26144, 0.0072, 0.3162, 0.3242,
UnsafeThread-2, 26176, 0.0080, 0.5626, 0.5708,
UnsafeThread-2, 26208, 0.0077, 0.4002, 0.4073,
UnsafeThread-2, 26240, 0.0070, 0.0656, 0.0731,
UnsafeThread-2, 26272, 0.0071, 0.4705, 0.4779,
UnsafeThread-2, 26304, 0.0070, 0.2304, 0.2374,
UnsafeThread-2, 26336, 0.0080, 0.2265, 0.2342,
UnsafeThread-2, 26368, 0.0072, 0.3907, 0.3984,
UnsafeThread-2, 26400, 0.0078, 0.3068, 0.3147,
UnsafeThread-2, 26432, 0.0075, 0.3136, 0.3213,
UnsafeThread-2, 26464, 0.0068, 0.1493, 0.1571,
UnsafeThread-2, 26496, 0.0083, 0.0645, 0.0719,
UnsafeThread-2, 26528, 0.0080, 0.4785, 0.4860,
UnsafeThread-2, 26560, 0.0077, 0.3134, 0.3212,
UnsafeThread-2, 26592, 0.0085, 0.5580, 0.5655,
UnsafeThread-2, 26624, 0.0071, 0.7298, 0.7370,
UnsafeThread-2, 26656, 0.0078, 0.0665, 0.0740,
UnsafeThread-2, 26688, 0.0072, 0.3966, 0.4042,
UnsafeThread-2, 26720, 0.0078, 0.3959, 0.4034,
UnsafeThread-2, 26752, 0.0078, 0.4799, 0.4869,
UnsafeThread-2, 26784, 0.0078, 0.2300, 0.2376,
UnsafeThread-2, 26816, 0.0082, 0.4796, 0.4870,
UnsafeThread-2, 26848, 0.0078, 0.4813, 0.4886,
UnsafeThread-2, 26880, 0.0069, 0.4879, 0.4952,
UnsafeThread-2, 26912, 0.0076, 0.2290, 0.2363,
UnsafeThread-2, 26944, 0.0070, 0.2355, 0.2433,
UnsafeThread-2, 26976, 0.0072, 0.3991, 0.4068,
UnsafeThread-2, 27008, 0.0081, 0.3241, 0.3310,
UnsafeThread-2, 27040, 0.0071, 0.3198, 0.3283,
UnsafeThread-2, 27072, 0.0076, 0.4867, 0.4948,
UnsafeThread-2, 27104, 0.0078, 0.3226, 0.3310,
UnsafeThread-2, 27136, 0.0069, 0.4060, 0.4142,
UnsafeThread-2, 27168, 0.0074, 0.2394, 0.2475,
UnsafeThread-2, 27200, 0.0076, 0.3256, 0.3334,
UnsafeThread-2, 27232, 0.0069, 0.4092, 0.4179,
UnsafeThread-2, 27264, 0.0070, 0.5773, 0.5852,
UnsafeThread-2, 27296, 0.0076, 0.4917, 0.4997,
UnsafeThread-2, 27328, 0.0069, 0.4118, 0.4191,
UnsafeThread-2, 27360, 0.0075, 0.2365, 0.2441,
UnsafeThread-2, 27392, 0.0070, 0.4104, 0.4177,
UnsafeThread-2, 27424, 0.0072, 0.1500, 0.1577,
UnsafeThread-2, 27456, 0.0071, 0.3268, 0.3344,
UnsafeThread-2, 27488, 0.0072, 0.4136, 0.4210,
UnsafeThread-2, 27520, 0.0071, 0.4986, 0.5063,
UnsafeThread-2, 27552, 0.0072, 0.5836, 0.5910,
UnsafeThread-2, 27584, 0.0074, 0.1511, 0.1587,
UnsafeThread-2, 27616, 0.0083, 0.4148, 0.4227,
UnsafeThread-2, 27648, 0.0069, 0.5070, 0.5148,
UnsafeThread-2, 27680, 0.0077, 0.3309, 0.3386,
UnsafeThread-2, 27712, 0.0080, 0.4139, 0.4218,
UnsafeThread-2, 27744, 0.0071, 0.2375, 0.2446,
UnsafeThread-2, 27776, 0.0075, 0.5134, 0.5205,
UnsafeThread-2, 27808, 0.0077, 0.4180, 0.4258,
UnsafeThread-2, 27840, 0.0068, 0.6852, 0.6927,
UnsafeThread-2, 27872, 0.0070, 0.6806, 0.6883,
UnsafeThread-2, 27904, 0.0074, 0.3275, 0.3352,
UnsafeThread-2, 27936, 0.0075, 0.4990, 0.5073,
UnsafeThread-2, 27968, 0.0076, 0.4193, 0.4271,
UnsafeThread-2, 28000, 0.0064, 0.5046, 0.5123,
UnsafeThread-2, 28032, 0.0065, 0.2430, 0.2505,
UnsafeThread-2, 28064, 0.0081, 0.2396, 0.2474,
UnsafeThread-2, 28096, 0.0072, 0.1536, 0.1613,
UnsafeThread-2, 28128, 0.0080, 0.1542, 0.1618,
UnsafeThread-2, 28160, 0.0071, 0.6728, 0.6811,
UnsafeThread-2, 28192, 0.0072, 0.3256, 0.3331,
UnsafeThread-2, 28224, 0.0078, 0.5071, 0.5144,
UnsafeThread-2, 28256, 0.0075, 0.3357, 0.3435,
UnsafeThread-2, 28288, 0.0079, 0.3305, 0.3387,
UnsafeThread-2, 28320, 0.0076, 0.6638, 0.6716,
UnsafeThread-2, 28352, 0.0072, 0.5836, 0.5917,
UnsafeThread-2, 28384, 0.0072, 0.5754, 0.5835,
UnsafeThread-2, 28416, 0.0081, 0.8348, 0.8429,
UnsafeThread-2, 28448, 0.0073, 0.4050, 0.4126,
UnsafeThread-2, 28480, 0.0074, 0.3224, 0.3308,
UnsafeThread-2, 28512, 0.0073, 0.3228, 0.3305,
UnsafeThread-2, 28544, 0.0075, 0.5833, 0.5915,
UnsafeThread-2, 28576, 0.0078, 0.2402, 0.2476,
UnsafeThread-2, 28608, 0.0073, 0.3262, 0.3335,
UnsafeThread-2, 28640, 0.0078, 0.5025, 0.5101,
UnsafeThread-2, 28672, 0.0078, 0.4080, 0.4160,
UnsafeThread-2, 28704, 0.0078, 0.5794, 0.5872,
UnsafeThread-2, 28736, 0.0076, 0.4142, 0.4219,
UnsafeThread-2, 28768, 0.0072, 0.4091, 0.4165,
UnsafeThread-2, 28800, 0.0075, 0.2360, 0.2437,
UnsafeThread-2, 28832, 0.0076, 0.3256, 0.3331,
UnsafeThread-2, 28864, 0.0070, 0.5879, 0.5955,
UnsafeThread-2, 28896, 0.0071, 0.2370, 0.2442,
UnsafeThread-2, 28928, 0.0074, 0.4097, 0.4172,
UnsafeThread-2, 28960, 0.0075, 0.6705, 0.6785,
UnsafeThread-2, 28992, 0.0072, 0.4866, 0.4946,
UnsafeThread-2, 29024, 0.0079, 0.4940, 0.5014,
UnsafeThread-2, 29056, 0.0076, 0.1558, 0.1632,
UnsafeThread-2, 29088, 0.0071, 0.4907, 0.4988,
UnsafeThread-2, 29120, 0.0074, 0.4839, 0.4916,
UnsafeThread-2, 29152, 0.0078, 0.2353, 0.2432,
UnsafeThread-2, 29184, 0.0066, 0.4946, 0.5024,
UnsafeThread-2, 29216, 0.0074, 0.4113, 0.4188,
UnsafeThread-2, 29248, 0.0075, 0.6679, 0.6757,
UnsafeThread-2, 29280, 0.0056, 0.4018, 0.4091,
UnsafeThread-2, 29312, 0.0073, 0.2391, 0.2469,
UnsafeThread-2, 29344, 0.0066, 0.4961, 0.5035,
UnsafeThread-2, 29376, 0.0068, 0.6583, 0.6658,
UnsafeThread-2, 29408, 0.0077, 0.3227, 0.3306,
UnsafeThread-2, 29440, 0.0081, 0.3230, 0.3311,
UnsafeThread-2, 29472, 0.0071, 0.4088, 0.4168,
UnsafeThread-2, 29504, 0.0071, 0.2380, 0.2457,
UnsafeThread-2, 29536, 0.0074, 0.5743, 0.5823,
UnsafeThread-2, 29568, 0.0068, 0.4029, 0.4106,
UnsafeThread-2, 29600, 0.0078, 0.1521, 0.1601,
UnsafeThread-2, 29632, 0.0067, 0.4087, 0.4164,
UnsafeThread-2, 29664, 0.0076, 0.2334, 0.2413,
UnsafeThread-2, 29696, 0.0071, 0.4057, 0.4136,
UnsafeThread-2, 29728, 0.0082, 0.4073, 0.4151,
UnsafeThread-2, 29760, 0.0068, 0.0678, 0.0758,
UnsafeThread-2, 29792, 0.0075, 0.3144, 0.3218,
UnsafeThread-2, 29824, 0.0073, 0.0692, 0.0769,
UnsafeThread-2, 29856, 0.0066, 0.3962, 0.4042,
UnsafeThread-2, 29888, 0.0071, 0.4135, 0.4214,
UnsafeThread-2, 29920, 0.0074, 0.3207, 0.3289,
UnsafeThread-2, 29952, 0.0071, 0.2370, 0.2450,
UnsafeThread-2, 29984, 0.0070, 0.3205, 0.3290,
UnsafeThread-2, 30016, 0.0081, 0.5762, 0.5841,
UnsafeThread-2, 30048, 0.0076, 0.7398, 0.7477,
UnsafeThread-2, 30080, 0.0082, 0.3184, 0.3262,
UnsafeThread-2, 30112, 0.0070, 0.4040, 0.4119,
UnsafeThread-2, 30144, 0.0080, 0.2345, 0.2426,
UnsafeThread-2, 30176, 0.0081, 0.4108, 0.4185,
UnsafeThread-2, 30208, 0.0077, 0.2396, 0.2473,
UnsafeThread-2, 30240, 0.0079, 0.3225, 0.3304,
UnsafeThread-2, 30272, 0.0071, 0.4087, 0.4170,
UnsafeThread-2, 30304, 0.0074, 0.4096, 0.4171,
UnsafeThread-2, 30336, 0.0077, 0.3150, 0.3237,
UnsafeThread-2, 30368, 0.0072, 0.4060, 0.4142,
UnsafeThread-2, 30400, 0.0073, 0.2411, 0.2494,
UnsafeThread-2, 30432, 0.0084, 0.1534, 0.1612,
UnsafeThread-2, 30464, 0.0071, 0.7526, 0.7602,
UnsafeThread-2, 30496, 0.0071, 0.4855, 0.4930,
UnsafeThread-2, 30528, 0.0074, 0.4075, 0.4158,
UnsafeThread-2, 30560, 0.0081, 0.4019, 0.4097,
UnsafeThread-2, 30592, 0.0072, 0.3312, 0.3392,
UnsafeThread-2, 30624, 0.0069, 1.0032, 1.0108,
UnsafeThread-2, 30656, 0.0074, 0.5771, 0.5845,
UnsafeThread-2, 30688, 0.0076, 0.2370, 0.2452,
UnsafeThread-2, 30720, 0.0077, 0.3199, 0.3281,
UnsafeThread-2, 30752, 0.0083, 0.2444, 0.2521,
UnsafeThread-2, 30784, 0.0067, 0.0713, 0.0783,
UnsafeThread-2, 30816, 0.0080, 0.5871, 0.5950,
UnsafeThread-2, 30848, 0.0071, 0.6724, 0.6801,
UnsafeThread-2, 30880, 0.0072, 0.4171, 0.4248,
UnsafeThread-2, 30912, 0.0071, 0.2393, 0.2475,
UnsafeThread-2, 30944, 0.0067, 0.5112, 0.5192,
UnsafeThread-2, 30976, 0.0074, 0.2444, 0.2523,
UnsafeThread-2, 31008, 0.0075, 0.5074, 0.5154,
UnsafeThread-2, 31040, 0.0068, 0.5104, 0.5184,
UnsafeThread-2, 31072, 0.0066, 0.3291, 0.3370,
UnsafeThread-2, 31104, 0.0071, 0.6852, 0.6933,
UnsafeThread-2, 31136, 0.0073, 0.4235, 0.4321,
UnsafeThread-2, 31168, 0.0073, 0.4204, 0.4286,
UnsafeThread-2, 31200, 0.0075, 0.5280, 0.5358,
UnsafeThread-2, 31232, 0.0083, 0.2441, 0.2524,
UnsafeThread-2, 31264, 0.0075, 0.1573, 0.1653,
UnsafeThread-2, 31296, 0.0088, 0.6900, 0.6982,
UnsafeThread-2, 31328, 0.0070, 0.4187, 0.4263,
UnsafeThread-2, 31360, 0.0083, 0.5868, 0.5946,
UnsafeThread-2, 31392, 0.0074, 0.2413, 0.2491,
UnsafeThread-2, 31424, 0.0075, 0.4992, 0.5075,
UnsafeThread-2, 31456, 0.0082, 0.3330, 0.3410,
UnsafeThread-2, 31488, 0.0073, 0.4153, 0.4227,
UnsafeThread-2, 31520, 0.0076, 0.4933, 0.5015,
UnsafeThread-2, 31552, 0.0070, 0.3279, 0.3360,
UnsafeThread-2, 31584, 0.0069, 0.4160, 0.4246,
UnsafeThread-2, 31616, 0.0075, 0.5065, 0.5142,
UnsafeThread-2, 31648, 0.0073, 0.5063, 0.5145,
UnsafeThread-2, 31680, 0.0081, 0.7643, 0.7722,
UnsafeThread-2, 31712, 0.0082, 0.6649, 0.6732,
UnsafeThread-2, 31744, 0.0073, 0.5018, 0.5093,
UnsafeThread-2, 31776, 0.0076, 0.5000, 0.5077,
UnsafeThread-2, 31808, 0.0079, 0.4135, 0.4212,
UnsafeThread-2, 31840, 0.0078, 0.4103, 0.4185,
UnsafeThread-2, 31872, 0.0071, 0.3222, 0.3304,
UnsafeThread-2, 31904, 0.0072, 0.3286, 0.3364,
UnsafeThread-2, 31936, 0.0052, 0.2207, 0.2275,
UnsafeThread-2, 31968, 0.0063, 0.4236, 0.4309,
UnsafeThread-2, 32000, 0.0053, 0.4974, 0.5044,
